{
 "samples": [
  {
   "features": {
    "conf": 0.8400000000000001,
    "fib_conf_5m": 0.0,
    "ema_gap": 0.002260686130121709,
    "rsi": 78.14802159502457,
    "atr_pct": 0.002424980399644154,
    "hour_utc": 4.0,
    "edge": 0.10282058390365123,
    "strength": 0.0
   },
   "won": true
  },
  {
   "features": {
    "conf": 0.8400000000000001,
    "fib_conf_5m": 0.0,
    "ema_gap": 0.002569858095725566,
    "rsi": 70.67749318117706,
    "atr_pct": 0.001906411893385838,
    "hour_utc": 12.0,
    "edge": 0.35378947582470965,
    "strength": 0.0
   },
   "won": false
  },
  {
   "features": {
    "conf": 0.75,
    "fib_conf_5m": 0.0,
    "ema_gap": 0.003922116551036682,
    "rsi": 44.11868080370252,
    "atr_pct": 0.0017068929791597355,
    "hour_utc": 13.0,
    "edge": 0.09203980145964319,
    "strength": 0.0
   },
   "won": true
  }
 ]
}