{"live_outcomes": [], "predictions_made": 653, "correct_predictions": 0, "last_train_time": 1771317076.7942533, "model_type": "momentum_continuation", "scaler": {"mean": [50.26394705107101, 50.531467962033936, 0.014509971350748482, 0.2991901074713733, -0.03598270372075926, -15.45261928886833, 0.5014093895514736, 0.018702831372533903, -4.603111899909408e-05, -7.210362232923094e-05, -9.269350243321769e-05, -0.0003602414616348615, 1.0501951999001744, 0.012684750301246044, 0.0024327034526655253, 0.0028374692900397847, 0.8604061208536559, 0.004614204159351978, 0.9993405738855234, 0.45532238512270606, 0.27106575142631495, 0.27361186345097865, 0.1185682326621924, 0.020134228187919462, 0.002766359494678244, -0.013826055269004324, 0.0026910656032815557, -0.044350707867877336, 0.021633801313899477, 0.5017246048860055], "scale": [15.747618939059153, 22.570737203609305, 3.6925812584525453, 71.26874234901216, 20.323409405846853, 198.66889883581362, 0.341322662370444, 0.011029101931597044, 0.003177165328069892, 0.005548796830537155, 0.006758879658943261, 0.009386599897372429, 0.8068305627499687, 0.42690385412930953, 0.0014726333130260668, 0.0011459308260309447, 0.35698104604550435, 0.0019174629595248107, 0.17864715822859903, 0.2585817741697117, 0.20819153394046874, 0.217269070760789, 2.3068402727544934, 0.9997972858811317, 0.7093156452895552, 0.7047499576433521, 0.0013243696031022612, 0.7598878401686935, 0.010633225856171673, 0.2836842539743735], "n_samples": 894}, "vol_scaler": {"mean": [50.322322537984284, 50.620758524422165, -2.574316551689896e-05, 0.03301091846228367, 0.033681151213869505, -14.031065831766293, 0.5028877393692432, 0.018414724871933442, -2.2157089753704284e-05, -6.660866362501664e-05, -0.00012700329556366484, -0.00029604267771155977, 1.02618315385415, 0.0037593564369077796, 0.002384175612702651, 0.00280859752969676, 0.8515046372481694, 0.004554141057884451, 0.9952012583568675, 0.4490951520539215, 0.2753825475991679, 0.27552230034690983, 0.11351909184726522, 0.025799793601651185, 0.008669961105191758, -0.0029430552213372233, 0.0026496327235898997, -0.04120222033439792, 0.021313879244857337, 0.5023821653517876], "scale": [15.492775815167809, 22.164399045240636, 3.6154313253778003, 69.67460815548357, 19.642977487074898, 196.70786652765878, 0.33301668605599083, 0.010923472319420376, 0.0030837746183603743, 0.005330275661433965, 0.006578234387983556, 0.009145029603499064, 0.7870997533665052, 0.42864748395105784, 0.0014519460652812658, 0.0011401026581347633, 0.3550994769227243, 0.0018936232584178326, 0.17731435668102685, 0.2571145928314504, 0.21124813895415523, 0.2177903938652937, 2.2495299130295794, 0.9996671299238122, 0.7095084362771398, 0.704637459302274, 0.001307937733500605, 0.7525842032385505, 0.01053486499751054, 0.27966261891635263], "n_samples": 969}}