{"live_outcomes": [], "predictions_made": 2036, "correct_predictions": 0, "last_train_time": 1771566855.3868282, "model_type": "momentum_continuation", "scaler": {"mean": [50.14353446279885, 50.161545287861955, 0.017941366503322686, 0.790053332646557, -0.1036123474572531, -21.168137669666955, 0.4989508161543597, 0.0165821828863398, -5.399508617448575e-05, -0.00011223435172134729, -0.000177779496795747, -0.00044423614217493744, 1.0612798799382486, 0.020800413676321697, 0.002151641487913259, 0.00252144233374203, 0.859533265556876, 0.004048045473283117, 1.0001039618753158, 0.45657447387730293, 0.26635722110449706, 0.2770683050182017, 0.007829977628635347, -0.0022371364653243847, 0.007882390780412741, 0.001662771281867646, 0.0023853927601862838, -0.011823151947609032, 0.01894621097421678, 0.5079646022641122], "scale": [15.765953544890488, 22.56918213154394, 3.81234401471755, 61.39046553705229, 16.59597520919693, 169.0026220866607, 0.34253863064122086, 0.0094988612828843, 0.002857841445631705, 0.005037915303097615, 0.006137299526670684, 0.008219506688852445, 0.8041091232111056, 0.43198845318734497, 0.001388436556908123, 0.0011111886978910535, 0.35648015235742353, 0.001758359828069984, 0.17669810085281784, 0.25960187640145127, 0.2115558026200431, 0.22007224179924992, 2.3274803204825014, 0.9999974976070859, 0.7107702845793031, 0.7033780673765051, 0.001270388387880356, 0.7787119943692183, 0.009100687395490857, 0.28908125440146865], "n_samples": 894}, "vol_scaler": {"mean": [50.11710825347015, 50.16775603623537, 0.018905587039154317, 0.6164199935956236, 0.06579371730520092, -21.64770557340158, 0.5001989110405102, 0.016466452522785373, -2.0636408887215736e-05, -9.215317718231762e-05, -0.00017211654526415633, -0.00038408552563679103, 1.0417747478492823, 0.011916168382417084, 0.0021158840545079183, 0.0025032913584903207, 0.8522412700018717, 0.004012121106614383, 0.9969916999664827, 0.4518986809753059, 0.2692363782763818, 0.27886494074831325, 0.014447884416924664, 0.0030959752321981426, 0.008458913031974625, 0.003503796500778405, 0.002357476590002776, -0.012633631642465521, 0.01879064521558445, 0.5072023142505028], "scale": [15.674639867661162, 22.25988601293616, 3.7398329529962324, 60.50071487355001, 16.153338791680657, 167.92651564037084, 0.33692258545613185, 0.009445629270768021, 0.002790453043677597, 0.004849438614174717, 0.005981533437795648, 0.00807445355001224, 0.7923674337785795, 0.43138923376095933, 0.0013615099889899345, 0.0010978857458170648, 0.35574658383109325, 0.0017311573860384212, 0.1756626620721005, 0.25844515608454, 0.21410064041577784, 0.22154294893308002, 2.269235567658287, 0.999995207457196, 0.7092445306573569, 0.704903089745691, 0.0012470541174710683, 0.774080952472509, 0.009030186519186743, 0.2858592222232692], "n_samples": 969}}