{"live_outcomes": [], "predictions_made": 35, "correct_predictions": 0, "last_train_time": 1771030737.2237835, "model_type": "momentum_continuation", "scaler": {"mean": [49.60457224438777, 49.53247970708925, -0.0019455356658294259, -0.34429869422729764, 0.033913184229269144, -48.78180185664429, 0.48615093093056727, 0.026341761333709728, -8.659159942973317e-05, -0.00029156957653827793, -0.0004175398413352442, -0.0009515085597711369, 1.0410082343183802, 0.009792775957167606, 0.0033707337421376377, 0.003933554708556124, 0.8650116802593015, 0.006449358408358005, 0.9967389087060897, 0.4566563787888829, 0.27628848604488593, 0.2670551351662304, 0.020765027322404372, -0.003278688524590164, -0.004521798231517248, -0.003824070226351155, 0.003724395581436224, -0.018278597979482714, 0.030297589938912874, 0.4922559355952573], "scale": [15.775041581305777, 22.477122771993223, 3.5650311003321944, 92.81332975551182, 26.001560837743863, 341.01557289161894, 0.33515370785182536, 0.01748230741500886, 0.004634669684645321, 0.00797630758812015, 0.009885972466844258, 0.013175740298597294, 0.6944929822556241, 0.3870265162589791, 0.0024502700699883476, 0.002233453200034788, 0.34004312266827935, 0.003410281643136757, 0.1702642022640978, 0.257706315166945, 0.2057262011176236, 0.21452063850761205, 2.270890984354076, 0.9999946250863353, 0.706201397814325, 0.7079862396634211, 0.002393709388750586, 0.6942709581705307, 0.018229136634402718, 0.28159799461108037]}, "vol_scaler": {"mean": [49.520003537974915, 49.64483335640103, -0.019043419553847692, -0.7894394595408957, 0.06753854023745626, -47.86504753316333, 0.4860334360714325, 0.025865907933273195, -8.940176167061828e-05, -0.0002731629562233183, -0.0004719169179958746, -0.0009397241734469565, 1.0252731591332265, 0.003023024491242051, 0.003317454706900817, 0.0038902657015979472, 0.8592185847741397, 0.006362899079620858, 0.9936487950730158, 0.45296017107945014, 0.2787085790098766, 0.26833124991067264, 0.02889576883384933, 0.0010319917440660474, -0.001195079736622189, 0.009077531824482475, 0.0036671051107037334, -0.015759695753065784, 0.029795088065364426, 0.4917753904964411], "scale": [15.5871220244261, 22.0804791254356, 3.5097137856376284, 91.22171165495051, 25.348525843152018, 335.5199524542596, 0.3299614150896878, 0.017256069552972476, 0.004538188186393988, 0.007751783002444382, 0.009677467515644831, 0.0129204951220801, 0.6855033106293021, 0.3899405968582892, 0.0024222703923192355, 0.002203034420855438, 0.338875066752854, 0.0033632555755406988, 0.1697631520140931, 0.25684081619908, 0.20747601974918212, 0.21527836988530574, 2.2324168872284025, 0.9999994674963708, 0.7041056531056636, 0.7100361958837362, 0.0023574681956912706, 0.6866549293751175, 0.017994570066204533, 0.2787634419942894]}}