{"live_outcomes": [], "predictions_made": 3219, "correct_predictions": 0, "last_train_time": 1771694386.97121, "model_type": "momentum_continuation", "scaler": {"mean": [51.90619750394972, 51.738769714914994, -0.010750347781914374, 0.4037255364228539, -0.08988252644175344, 7.6865088354951, 0.5332302759318857, 0.015640987828879124, 1.0561069315800816e-05, 6.0476256143451e-05, 6.30862691109151e-05, 0.0001488878009150767, 1.0591271317162203, 0.013076446537094527, 0.002066117932010768, 0.002437236090396621, 0.8590089038390618, 0.0038374516444830012, 0.9995066586001876, 0.465129404277991, 0.26096994347596375, 0.2739006522460462, 0.05393258426966292, 0.015730337078651686, -0.014524087491686167, -0.0040081676639269915, 0.0023029859361857422, -0.010042619279788874, 0.01787114945746173, 0.5409291487808116], "scale": [15.31680570905272, 22.292106242148357, 3.726826798080939, 58.79209758927377, 15.521390564338008, 155.0533603140358, 0.34074479864187424, 0.009330667540558954, 0.0027064602687262335, 0.004714423185580112, 0.005909814360544152, 0.0077820406660314085, 0.8919954620802452, 0.46551376385880794, 0.0013422935156118892, 0.001142115899005475, 0.3612876594026161, 0.0018585779913559183, 0.18045394451312413, 0.26509439585550193, 0.21272836431206024, 0.2192787608303315, 2.307635405343433, 0.9998762705932097, 0.7097291331882523, 0.704313526050979, 0.0012677327739926904, 0.7908250853704032, 0.009147220521499204, 0.2833094954186845], "n_samples": 890}, "vol_scaler": {"mean": [51.971604558778964, 51.82410095905697, -0.0035224956449444937, 0.40391329367073153, -0.03476214734561744, 7.967797291303693, 0.5351749527660333, 0.015498892512492323, 2.9173040182767273e-05, 5.786785213681213e-05, 7.499207719944707e-05, 0.00019837194402832272, 1.0323530389632705, 0.005609200251172695, 0.002021727608653224, 0.002410821089602979, 0.8501565059452013, 0.003789574203094549, 0.9956880930989979, 0.46143452308482374, 0.2629772355731789, 0.2755882413419984, 0.058823529411764705, 0.0196078431372549, -0.00792920864279854, -0.004577930744380546, 0.002266313204171357, -0.00821369360724992, 0.01766993894150076, 0.5420603104137977], "scale": [15.239689789491642, 22.02539699271755, 3.6440313268525926, 57.80908158935017, 15.03167228266936, 153.73436298087012, 0.33341381457220653, 0.009274336887799516, 0.0026293361739978555, 0.004518485225045204, 0.00572426659973786, 0.007646791818609737, 0.8651053441778032, 0.4630562726524973, 0.0013166517132817477, 0.0011253781112248904, 0.36065948794160524, 0.0018268724592906869, 0.1808855169084755, 0.2649330445409609, 0.2141896211378193, 0.21990476640587717, 2.2491018867609194, 0.9998077477632903, 0.708610403776044, 0.7055405487006039, 0.0012464415222190428, 0.787035993054334, 0.009056182988522154, 0.27968436068357416], "n_samples": 969}}