{"live_outcomes": [], "predictions_made": 335, "correct_predictions": 0, "last_train_time": 1771214775.7937112, "model_type": "momentum_continuation", "scaler": {"mean": [51.47157134182683, 51.70762588240166, -0.011111796800284339, 1.5061940754553693, -0.15051517066459952, 31.928846913775, 0.5210149686730783, 0.021826565869777458, 4.505971576729579e-05, 0.0002142472530811923, 0.0004442801307303314, 0.0008861285991670323, 1.0366945105261005, 0.0004756143274875471, 0.0026731382165769754, 0.0032333103265742274, 0.852618440221589, 0.005269433287937538, 0.9960557137757912, 0.45161830242616896, 0.27311997320606646, 0.2752617243677642, 0.17888888888888888, 0.035555555555555556, -0.0013932477470556153, -0.004203105431472188, 0.0030018458435664905, -0.03531994551979055, 0.025218829967058664, 0.5177384120874345], "scale": [16.070169615883277, 22.98752842496248, 3.6730381769159286, 79.68214814782557, 22.516886075285868, 252.2809513212252, 0.33866766989668207, 0.014575477192909874, 0.003499529740729961, 0.006098986071930933, 0.0077532473232434125, 0.011218053898567126, 0.7889200577604019, 0.42192904882018906, 0.001630890850071364, 0.0018650800187165971, 0.34580240659552836, 0.0025970476293800675, 0.1753402522917221, 0.255289941428518, 0.20852580287656017, 0.2167026505999837, 2.2828342249855544, 0.9993677013337687, 0.7072555590116056, 0.7069441045886351, 0.0017746978562957361, 0.6962361360796082, 0.015018741418911068, 0.2821223773713794], "n_samples": 900}, "vol_scaler": {"mean": [51.43230596655682, 51.70557164700784, -0.02300036043417236, 0.9954909323116857, -0.06024588949332014, 30.65407074822344, 0.5209499427080161, 0.021354902253740062, 6.304924183307705e-05, 0.00020079344310381758, 0.0003725531943452693, 0.0008808045689294459, 1.0148657323271144, -0.0065080790708244105, 0.0026156357599928792, 0.003180613524535834, 0.8457626242937241, 0.005174932985303579, 0.992140898364337, 0.4459388852462897, 0.27830345095986014, 0.27575766379384964, 0.18059855521155832, 0.04437564499484004, 0.0060368789562504615, 0.0068837411390142616, 0.0029409882567994973, -0.029541760069188218, 0.024676514078063393, 0.5170974618274871], "scale": [15.84897995155539, 22.50983080050012, 3.5991631491326377, 77.80199673335562, 21.799942900952438, 247.68477352809344, 0.33101168686432886, 0.01434808312530644, 0.003398750845896076, 0.005878273712999678, 0.0075517103093118935, 0.010912047251675192, 0.7719236932552789, 0.4241457971549207, 0.0016090404891339082, 0.0018265274031671601, 0.34442531634443957, 0.0025538538505290318, 0.1745571673599768, 0.25410703846037475, 0.21174333536652182, 0.2166896222452464, 2.2301515895382265, 0.9990149158702663, 0.7066763331059203, 0.7074777243336838, 0.0017411628259236664, 0.6898743468732151, 0.014770508162669515, 0.27820906537234175], "n_samples": 969}}