{"live_outcomes": [], "predictions_made": 941, "correct_predictions": 0, "last_train_time": 1771385234.6328406, "model_type": "momentum_continuation", "scaler": {"mean": [49.8734533551876, 50.16853515983861, 0.025072742180496547, -0.06907454031111272, -0.055349949837932254, -13.70580022536369, 0.49003282470895293, 0.017875542329605188, -5.416673756638209e-05, -7.356480289555422e-05, -9.47452132936093e-05, -0.00032204884934123744, 1.058352620924934, 0.01983853820149386, 0.002363655343068984, 0.002745379936166241, 0.8626094158285712, 0.004420356662668733, 1.0012318063655454, 0.4616822473432758, 0.26730429221661434, 0.2710134604401104, 0.10961968680089486, 0.017897091722595078, -0.0022162609663965577, -0.003455326470949862, 0.002612509760658415, -0.06894101307095042, 0.020423729229010118, 0.49559942105946875], "scale": [15.63011379204026, 22.587462577179366, 3.726036815272824, 66.69359403751335, 17.740843141939468, 183.7118865254547, 0.3403046249149884, 0.00971396744857595, 0.0030663537123200046, 0.005332733757716312, 0.006488605561147698, 0.00875744138953877, 0.8157824200507217, 0.4310981730766071, 0.0014043038371747006, 0.0010878942426010686, 0.35228217376408966, 0.0017746846454936393, 0.17322922515232383, 0.2576373524538115, 0.2081295193150527, 0.21681259884897422, 2.3623769147993072, 0.9998398342274063, 0.7072260071985345, 0.7069756174355141, 0.0012588617126860417, 0.766971823108791, 0.009215615895835303, 0.28492059789017243], "n_samples": 894}, "vol_scaler": {"mean": [49.94789995785829, 50.2791286997187, 0.013368303576610016, -0.39909180995791993, 0.02679124043894513, -12.497089730876118, 0.4920499949660425, 0.017600871681341328, -2.152180492234005e-05, -6.299024286440925e-05, -0.0001188757715284349, -0.00025926176197100577, 1.0357494646196295, 0.01048656305283732, 0.002315556076148703, 0.0027141014638058943, 0.8538792095623302, 0.004358924677034678, 0.9974815388079159, 0.4557719837440926, 0.2710025294286361, 0.27322548682727127, 0.11145510835913312, 0.02786377708978328, 0.00457793074438051, 0.007929208642798615, 0.002571269085034336, -0.0663827663426718, 0.020111840525167398, 0.4965595068685737], "scale": [15.39205795187541, 22.183919891773385, 3.656085585637093, 65.34022578286913, 17.175790119617886, 181.83067233290384, 0.33198797771341176, 0.009671756107221723, 0.0029784176571720873, 0.005123417898208594, 0.006315825351763637, 0.00854543599944854, 0.7956568833532949, 0.431573650152234, 0.0013870878285603483, 0.0010812444996004642, 0.35084991412495375, 0.0017514846975801555, 0.17207893422057086, 0.2557456696494363, 0.21070552148911603, 0.21733943005387069, 2.3013351103862347, 0.9996117295861807, 0.7055405487006042, 0.7086104037760439, 0.0012447838163860635, 0.7595150979022675, 0.009163318131405269, 0.2806798623604011], "n_samples": 969}}