{"live_outcomes": [], "predictions_made": 525, "correct_predictions": 0, "last_train_time": 1771259656.04617, "model_type": "momentum_continuation", "scaler": {"mean": [50.980295909925395, 51.09856661279064, -0.04371142236929313, -1.9818024499510154, -0.25884373073591216, 19.808307730815724, 0.511745251533815, 0.020143016306899252, -2.5056763955947205e-06, 3.2838658931193504e-05, 0.00013295139072120056, 0.00023862339549678073, 1.0614069325984503, 0.01897911354226282, 0.0025688177777286447, 0.002967729194971883, 0.8677654287691162, 0.004912758141500386, 1.002697739276434, 0.45412259549315437, 0.27465457767324014, 0.27122282683360444, 0.16481069042316257, 0.0334075723830735, -0.01413038338190273, -0.016261173471389286, 0.002835482379585148, -0.05520583885289305, 0.023114728564411387, 0.5064078706650367], "scale": [15.943538776900729, 22.911976654837733, 3.736581861781442, 76.74132884641128, 19.972946362326955, 247.11366303821126, 0.3408532977726846, 0.01274197584337507, 0.0033781426154855026, 0.005949724158089142, 0.007373608994355514, 0.010337816639875208, 0.8091545342145956, 0.42964625994075234, 0.0015416054982789029, 0.001215718579684107, 0.35161902250223226, 0.0021136262859339982, 0.17692815792137503, 0.25639638313029406, 0.20891597725523658, 0.21627298803208647, 2.2920429848369057, 0.9994418112664032, 0.7073942521387656, 0.7064908198581561, 0.0014018397835828733, 0.7200795334643741, 0.012076114455817551, 0.28306692466689765], "n_samples": 898}, "vol_scaler": {"mean": [50.948512582122945, 51.067249860541786, -0.05789275856527202, -2.4355629362034694, -0.15748620548062844, 19.0316909803321, 0.5117798261250273, 0.01979530766515544, 1.44087783375668e-05, 3.66533732046569e-05, 7.231907647721777e-05, 0.0002450280383280228, 1.0374740239269409, 0.011311974263224832, 0.0025184337320675954, 0.0029344437895186073, 0.8593858098581657, 0.004842388292701643, 0.9985818384882064, 0.4471816174728322, 0.2796041143908196, 0.2732142681363476, 0.16202270381836945, 0.038183694530443756, -0.006883741139014156, -0.006036878956250539, 0.002788672962883009, -0.05305110251508364, 0.022729443959393105, 0.5057290434451878], "scale": [15.738160293781199, 22.48656663548434, 3.6580372198948057, 75.0607132981062, 19.346303478510976, 242.4327585456813, 0.33296091095868663, 0.012573019709791921, 0.0032790036331773777, 0.005729940509669416, 0.007184438342728889, 0.010064294663851692, 0.7910945913276426, 0.4313609830166051, 0.0015243040918953418, 0.001209427396518507, 0.3502875658183462, 0.0020873641180012407, 0.17597009044979636, 0.25550653632904086, 0.2121694375721705, 0.2171760348564061, 2.239886670503257, 0.999270736823612, 0.7074777243336839, 0.7066763331059205, 0.0013853226914586516, 0.7160434458220836, 0.011939284894993808, 0.2792560167513302], "n_samples": 969}}