{"live_outcomes": [], "predictions_made": 2359, "correct_predictions": 0, "last_train_time": 1771602414.0489976, "model_type": "momentum_continuation", "scaler": {"mean": [50.71591326779869, 50.77881565609867, 0.013354716629053878, -0.5995948175175765, -0.07210859803574086, -9.067769438628295, 0.511870555276825, 0.016637161800016197, -4.20916890499129e-05, -6.334561153361888e-05, -9.056827097629306e-05, -0.00028973044438460657, 1.08924659880083, 0.03734151712269545, 0.002181819004970591, 0.0025331999827700865, 0.8681030270633988, 0.004032556813249214, 1.0049035796449073, 0.4610883372390006, 0.2637388918679137, 0.275172770893087, 0.04269662921348315, 0.008988764044943821, -0.008720249789580772, -0.005877402939315212, 0.00241375980428789, -0.015957174420495004, 0.018956314698796047, 0.5191444109744499], "scale": [15.810436194711597, 22.462369389194016, 3.8107281248436635, 62.39359022570636, 16.661165135836765, 166.66923951608075, 0.3460762324128487, 0.009561048482919447, 0.002907169045171521, 0.005085027513570611, 0.006193683004704837, 0.00827919075327274, 0.8885103539244568, 0.4615478736138852, 0.001402586200111098, 0.0011120270894924, 0.36450044318512065, 0.001783245545998998, 0.18036333845367383, 0.26097430804814964, 0.21066699457287547, 0.21859052230567488, 2.3122481710654164, 0.9999596002443957, 0.707537863302047, 0.7065971874924696, 0.001275393708517823, 0.7971415503399171, 0.009200530371525285, 0.2909597966508046], "n_samples": 890}, "vol_scaler": {"mean": [50.72762415480536, 50.77552689457569, 0.017793325273390344, -0.599511187944155, 0.036871665407543906, -9.686602101664631, 0.5125944766091999, 0.016517546005477005, -1.8855581319149977e-05, -5.43529366299763e-05, -9.673479812066202e-05, -0.0002209399070894836, 1.061263087529643, 0.02658403506711099, 0.0021403860539529985, 0.002513310846616655, 0.8585688790905621, 0.0039961764325473995, 1.0010579219295064, 0.4552956225616587, 0.26760939069955514, 0.2770949867387874, 0.04643962848297214, 0.013415892672858616, -0.005573735323703921, -0.007263833295352435, 0.0023817702543434695, -0.014258914619003927, 0.018789183058285787, 0.5187679811967767], "scale": [15.713686896704115, 22.128148036371805, 3.7232451889217337, 61.32320394826248, 16.143767807263536, 165.89840085011454, 0.3386039400884588, 0.009483733809526324, 0.002823395325501867, 0.004874311697404856, 0.006014472647144323, 0.008115996305766805, 0.8616620881579432, 0.45826624765141855, 0.0013756588340319634, 0.0010976229556008696, 0.3627788557615131, 0.0017563058865817257, 0.17970015499780564, 0.25937676478889865, 0.2136822578982511, 0.21945049787904897, 2.2521427056203858, 0.9999100028621634, 0.7062821602607069, 0.707871231438226, 0.001252886147722018, 0.7915662798397087, 0.009114644098154275, 0.2876345461657734], "n_samples": 969}}