{"live_outcomes": [], "predictions_made": 3272, "correct_predictions": 0, "last_train_time": 1771700008.3474293, "model_type": "momentum_continuation", "scaler": {"mean": [51.94785150915945, 51.837879448139965, -0.0045294278266031366, 0.9920019865969623, -0.06925894172932182, 8.57714336125795, 0.5353102724393046, 0.015493594214326056, 1.3822965310083253e-05, 9.217885078587236e-05, 0.00014513494755228986, 0.0001978874504776875, 1.0548189092226974, 0.007806010494765788, 0.002027592939813266, 0.002408433205289168, 0.8557410993441331, 0.003784559979445408, 0.9967058522912577, 0.4641757427339435, 0.2617922502946371, 0.2740320069714202, 0.06299212598425197, 0.019122609673790775, -0.01467684833439653, -0.00047223035612739946, 0.002260513756894987, -0.016620125409287416, 0.017632395564489603, 0.5429176044060811], "scale": [15.314198299829359, 22.3056095681052, 3.707606661090182, 58.357099167020756, 15.202122251407669, 155.09080130912895, 0.34000712106815817, 0.009267687557506813, 0.0026474138653821326, 0.0045642116328148755, 0.00571384864909159, 0.007741358850169439, 0.891832506112608, 0.46535754265738233, 0.0012797018640311481, 0.00110745710075584, 0.3602549097936429, 0.0017764680543997948, 0.17851203760261955, 0.2646387996728892, 0.2125125911331163, 0.21934402773380923, 2.3067545072067106, 0.9998171461818723, 0.7109135915045488, 0.7031260431356264, 0.0011782083930963238, 0.7912473657093665, 0.00886985808822111, 0.28240951964502564], "n_samples": 889}, "vol_scaler": {"mean": [52.01054036097096, 51.942098677199986, 0.0030227955711230018, 0.9436066254039073, -0.008068302097330832, 8.848082224791375, 0.5373469744492873, 0.015354351771197736, 3.2992198559491994e-05, 8.852800550907627e-05, 0.00015417129212776036, 0.00024602969728001464, 1.0279316839880144, 0.0002768118696821689, 0.001985142373953975, 0.0023833881159391374, 0.846882342903886, 0.0037394475868150617, 0.9928899146274229, 0.4607126771268551, 0.2638460850292784, 0.2754412378438675, 0.06914344685242518, 0.023735810113519093, -0.009077531824482406, -0.0011950797366221918, 0.0022259945130352057, -0.014034141253931385, 0.017441440436387207, 0.5440944125663058], "scale": [15.229190621564234, 22.041842406521205, 3.6241020049141257, 57.37243532385612, 14.722724451614255, 153.6991306389458, 0.33262959066894765, 0.009213626568979399, 0.002572224079396358, 0.0043723708583704515, 0.005536623137991782, 0.007604856504557431, 0.8644611960774813, 0.4628400352977811, 0.0012567472317648659, 0.0010923108898168066, 0.35954403211448444, 0.001748658432078315, 0.179095152923093, 0.26441116148020555, 0.21390506886433283, 0.2200104188455749, 2.2478902823369977, 0.9997182659720877, 0.7100361958837362, 0.7041056531056636, 0.0011618565589670404, 0.7870607695839522, 0.008794213344347131, 0.2787668460827676], "n_samples": 969}}