{"live_outcomes": [], "predictions_made": 955, "correct_predictions": 0, "last_train_time": 1771390727.020372, "model_type": "momentum_continuation", "scaler": {"mean": [49.91533054366362, 50.32444188791336, 0.0234342453715798, 0.0438849037794201, 0.00684419970006791, -13.91428452438921, 0.49169640563034944, 0.017864000199600525, -5.2613171627059663e-05, -7.52418205816976e-05, -7.492424222073894e-05, -0.00028977604185182615, 1.05800953394126, 0.01859804160507772, 0.002353739417397384, 0.002739963961416479, 0.859885218015095, 0.0044104381586905295, 1.000369810037222, 0.4620884142308342, 0.2673005728346873, 0.27061101293447914, 0.10391061452513967, 0.01675977653631285, 0.0009461655942206905, -0.004637116671371734, 0.0026036880366147037, -0.06837764528155942, 0.020408059336910398, 0.4972802402545905], "scale": [15.628437169584208, 22.700222209934275, 3.721551152546429, 66.70543703890398, 17.73578983809587, 183.63563070826598, 0.3408189428661835, 0.009714076457224854, 0.003060983679000692, 0.005328743010511272, 0.0064907812667720855, 0.008766681612139225, 0.8154362999557009, 0.43094602631686885, 0.0014071722157224889, 0.001091390565983641, 0.3513124387052169, 0.0017792966073064361, 0.17357807289351176, 0.25759474353212286, 0.20759703856617462, 0.21675608204571087, 2.358708176135116, 0.9998595450814308, 0.7092519628871673, 0.704939185363067, 0.0012628902718790733, 0.7662960973513157, 0.009219970146556325, 0.28604695698466837], "n_samples": 895}, "vol_scaler": {"mean": [50.025469696702636, 50.426060305717016, 0.017786528726294177, -0.25761157031579557, 0.0731455501868901, -12.637394618252559, 0.4938216855546674, 0.017598850340160274, -2.179943332694384e-05, -6.662442681298584e-05, -0.00010834096286788367, -0.00022777726226631633, 1.036421351596386, 0.009466593778963134, 0.0023060979948160815, 0.0027096277402096454, 0.8509741453792972, 0.004349888746587593, 0.9965601456289498, 0.45599758474315566, 0.2708589077935524, 0.27314350746329213, 0.10526315789473684, 0.025799793601651185, 0.007263833295352434, 0.005573735323704072, 0.002562570014747525, -0.06509938978592911, 0.02010388855850982, 0.4983296667024621], "scale": [15.425054584502226, 22.306653142355334, 3.661139730980398, 65.41046396732476, 17.175511699601053, 181.8466995137741, 0.332839700580451, 0.009673217708866238, 0.002974593357981896, 0.005121658889914444, 0.006317627264279138, 0.008559488630760587, 0.7958583742886957, 0.43161408799154705, 0.001390389155528663, 0.001084800128351079, 0.35004968659178737, 0.0017566040139276706, 0.1725169923800913, 0.25586991160896655, 0.21026992736570208, 0.21730212556743772, 2.298934818157531, 0.9996671299238122, 0.7078712314382262, 0.7062821602607068, 0.0012494840329903866, 0.7590183844937478, 0.009169683556183115, 0.2821753313884857], "n_samples": 969}}