{"live_outcomes": [], "predictions_made": 745, "correct_predictions": 0, "last_train_time": 1771337176.7510042, "model_type": "momentum_continuation", "scaler": {"mean": [50.459748368832535, 50.691486469306334, 0.02747172981372431, 1.4791982114410553, -0.007254626273419323, -7.0486428429705, 0.5035066491647544, 0.01780444709504447, -1.813939547081021e-05, 2.0868567482521712e-05, 6.333694671240333e-05, -2.1440167760905405e-05, 1.0491069585350326, 0.011534426002514258, 0.002371044292770645, 0.0027479138212809216, 0.8647876427752123, 0.004471730453466526, 1.000927418067174, 0.45619656739259273, 0.2700066281494074, 0.27379680445799953, 0.12080536912751678, 0.024608501118568233, -0.00606848879974136, -0.019130716026298726, 0.002609534920007445, -0.026356800346939265, 0.02067022591723464, 0.5046956287231736], "scale": [15.55390761907933, 22.500251247700547, 3.685055158007933, 68.27616960591189, 18.94858694211796, 185.01740849519203, 0.34000432595395785, 0.00978432664006843, 0.003069609168560796, 0.005303492649166803, 0.006410826918380755, 0.008803143291997034, 0.7965382221829018, 0.41817532903992144, 0.0014063094354918543, 0.0010841212628291696, 0.3549957668625403, 0.001799327551023466, 0.17441985574181287, 0.25768307318841305, 0.20698651431495585, 0.21620353918979857, 2.3394661382953768, 0.9996971649818205, 0.7044602134512327, 0.7094596512926252, 0.0012546163746705173, 0.7641295449064636, 0.009392273305142846, 0.2820426898749235], "n_samples": 894}, "vol_scaler": {"mean": [50.51517326360132, 50.81768494432953, 0.010121057666112257, 1.1665491022601637, 0.06373826158913398, -5.963223742703339, 0.5055839381778446, 0.017545562006272237, 9.203661013497344e-06, 2.182739295616503e-05, 3.1973669811592835e-05, 3.917840564671329e-05, 1.0273363462963774, 0.0032854177107923136, 0.002325640288069389, 0.0027203794941279983, 0.85638900358693, 0.004415610513167259, 0.99738421565557, 0.4499024115256341, 0.27459925344056557, 0.27549833503380006, 0.12280701754385964, 0.034055727554179564, -0.0017862199661773125, -0.008979934177587615, 0.0025717598654171215, -0.024536854884882473, 0.020369463231402242, 0.505838224848291], "scale": [15.315378752165719, 22.085244244914403, 3.6122668915404184, 66.88033366069077, 18.328217721019076, 183.15342994289475, 0.3317708989568723, 0.009735614904250626, 0.0029824237357705193, 0.0050944019435428985, 0.006241973822330272, 0.008585132556184413, 0.7773235593793064, 0.420113280081353, 0.001387991336058485, 0.0010779926835042246, 0.3537576728251648, 0.0017777092827062511, 0.173302382799304, 0.2558937363505019, 0.21001245602695048, 0.2167907117491513, 2.27889902556987, 0.9994199354729495, 0.7042352616305108, 0.7099076464418466, 0.001240328506600815, 0.7573911040043428, 0.009338295948319957, 0.277906481607993], "n_samples": 969}}