{"live_outcomes": [], "predictions_made": 929, "correct_predictions": 0, "last_train_time": 1771381451.8717415, "model_type": "momentum_continuation", "scaler": {"mean": [49.846974947283535, 50.12195037568906, -0.0016087644889865758, -0.0681033471453072, -0.12056705742576933, -13.27922442559218, 0.48921898325528146, 0.01787045044485273, -5.949531081043411e-05, -8.941817377436232e-05, -0.00010850599558546497, -0.0003316557858484581, 1.0603911432890762, 0.019042120329585716, 0.002368793874969824, 0.0027468770461226205, 0.8647403611961505, 0.004424790026088957, 1.0013780955446576, 0.4617362584054952, 0.26682344442630485, 0.2714402971682004, 0.11073825503355705, 0.017897091722595078, -0.004378070623736671, -0.002641678930504175, 0.0026153639272150564, -0.07114126036722894, 0.020422781056293665, 0.4952424338572333], "scale": [15.650572885438265, 22.58407526917917, 3.7261045828146964, 66.67993042827536, 17.719742918219744, 183.61574137901653, 0.34104363658235654, 0.009717956540851488, 0.003069813304261494, 0.005336789583093976, 0.0064861716567694, 0.008763701008100718, 0.8159120123152073, 0.43015755737228545, 0.0014025481967348398, 0.0010864392545207719, 0.35384211365761237, 0.0017715457134198714, 0.1733780394103859, 0.2580172205102067, 0.20801673147473915, 0.2161905099037817, 2.364927578752114, 0.9998398342274063, 0.7061834559086532, 0.7080104382217477, 0.0012574700499393414, 0.7674730834665849, 0.009216112881755768, 0.28518622978317776], "n_samples": 894}, "vol_scaler": {"mean": [49.913156464224976, 50.186361535304414, -0.010589951730710579, -0.4282019210610025, -0.02035375031403905, -12.161886317825472, 0.49103499748115936, 0.017597074163197644, -2.5965093300737975e-05, -7.718506268392432e-05, -0.0001358224702493562, -0.00027127438100553106, 1.0379551582364945, 0.010690654457400434, 0.002320891837594679, 0.0027156734394640533, 0.8561104168411021, 0.004363065277124979, 0.9978145425936769, 0.4557066854655636, 0.27068227219960284, 0.2736110423348336, 0.11248710010319918, 0.02786377708978328, 0.002369711327612073, 0.008843883073919747, 0.0025738678778109204, -0.06814702833388449, 0.020113108993852172, 0.496010726756588], "scale": [15.417527520174492, 22.162952310797827, 3.6566555053188914, 65.33508611234396, 17.16072913050171, 181.74937170297537, 0.33275630442674187, 0.009674703865007402, 0.0029819897756698218, 0.005127614462514108, 0.006312250355760451, 0.00855212105960758, 0.7958428036302828, 0.4314144116190379, 0.0013852522035657, 0.001079731954999471, 0.3524030733535566, 0.0017486453615303045, 0.17233909236190548, 0.2560758934103157, 0.21070906601815986, 0.2167713876324892, 2.3037500066133108, 0.9996117295861807, 0.7044135591352488, 0.709730729154945, 0.0012435982252272625, 0.7599670680690398, 0.009162398183733262, 0.2809435021505092], "n_samples": 969}}