{"live_outcomes": [], "predictions_made": 3181, "correct_predictions": 0, "last_train_time": 1771690718.8484104, "model_type": "momentum_continuation", "scaler": {"mean": [51.938594956948414, 51.84253766718143, 0.008553930928811203, -0.03161538950949943, -0.034264857798634064, 7.669141431861298, 0.5344104841222862, 0.01570387246096031, 1.0387252369402334e-06, 7.546400861208897e-05, 0.00010801739185145885, 0.00017922332824316017, 1.0620129795340274, 0.01518914641979866, 0.0020928921915545334, 0.002450758186464748, 0.8610819721924085, 0.0038585493174325236, 1.0010025424254994, 0.46561896616269743, 0.26186006879678647, 0.2725209650405171, 0.05730337078651685, 0.015730337078651686, -0.013052143300455689, -0.005801736850410081, 0.0023216067054262, -0.003274261259465421, 0.017983566847128925, 0.5407526988042725], "scale": [15.358027876411983, 22.306132454107296, 3.7422644811533488, 59.16259245415459, 15.693583773608275, 154.83925876173024, 0.34257945508927634, 0.009349642430799896, 0.0028021828783779006, 0.004867980801113029, 0.005976665335912945, 0.007839323015908044, 0.8934197999478971, 0.46788025156475965, 0.0014022990730392939, 0.001150312411624311, 0.3648432997615285, 0.001871601706644662, 0.1826187991872329, 0.2650087951623056, 0.2121072128052051, 0.21879896999475773, 2.3112031810122633, 0.9998762705932097, 0.7082199909047288, 0.7058473106045579, 0.0012921114010746753, 0.793623505414843, 0.009221296587574594, 0.2839866757104262], "n_samples": 890}, "vol_scaler": {"mean": [52.00950295682532, 51.92780073821668, 0.012308994506814313, 0.045544560081839706, 0.0051155267802500655, 7.9724849887232745, 0.5364449148313498, 0.01555821883148297, 1.742165319314295e-05, 7.032369811481839e-05, 0.00012012688066854508, 0.0002332720862976922, 1.0365039735408788, 0.007507982797534806, 0.0020467957257188944, 0.002423281865584316, 0.8523351130749399, 0.0038087443312707385, 0.9970667452454931, 0.46231069276802805, 0.26366107243089243, 0.27402823480108074, 0.06191950464396285, 0.0196078431372549, -0.006474171746307559, -0.006474171746307746, 0.002283634171989723, -0.0025918967600151014, 0.01777317523686418, 0.5420198279158662], "scale": [15.280719942990903, 22.033818427826596, 3.6587910085177016, 58.14899369573369, 15.20467393879527, 153.5496587448479, 0.33511260899152195, 0.009291990677729562, 0.0027225052954397296, 0.0046658883512286945, 0.005785352189842734, 0.007699379439835018, 0.866816954388698, 0.46525927368042036, 0.0013736323969607248, 0.001133284106878388, 0.36421890646396055, 0.0018396976753348305, 0.18290141951443828, 0.26507671626786566, 0.21370939302424494, 0.21945443044482807, 2.252457625738961, 0.9998077477632903, 0.7070771422554968, 0.7070771422554967, 0.0012696307906874045, 0.7899500740409432, 0.009127260545353932, 0.2802989795671901], "n_samples": 969}}