{"live_outcomes": [], "predictions_made": 517, "correct_predictions": 0, "last_train_time": 1771257738.8440132, "model_type": "momentum_continuation", "scaler": {"mean": [51.09947712307124, 51.22576022963119, -0.028838547583506218, -1.1111089521803237, -0.24623509144504876, 20.228260225506084, 0.5136060304150364, 0.020135262826946963, -8.046815471921274e-06, 6.289655563906388e-05, 0.00018676533161791824, 0.0003028529494651711, 1.061926201856009, 0.019123153854192422, 0.0025652751555184485, 0.002963079129922292, 0.8680620580903633, 0.00491071279484075, 1.0033364365599786, 0.4536240205791529, 0.2748593234116923, 0.2715166560091539, 0.16258351893095768, 0.031180400890868598, -0.013289396382049732, -0.017048843752344205, 0.0028342007559282343, -0.050765338363774656, 0.023114280628218874, 0.5080116768168874], "scale": [15.926504573073736, 22.92600993447611, 3.7208599332433994, 77.138477395144, 20.26240734775281, 245.50189628769266, 0.3408769876031322, 0.012733780249944801, 0.0033772604113840427, 0.005934522319494788, 0.007372960113047328, 0.010345965738319772, 0.8091611896334586, 0.42976958238894286, 0.0015382840775154968, 0.001211745040454238, 0.3517562068903338, 0.002112079144906161, 0.17696929834362746, 0.2565080411249216, 0.20956826945222867, 0.21659830992301687, 2.2922020433177037, 0.9995137730918345, 0.7066263972789295, 0.707256575465447, 0.0014012373098251712, 0.7152785962244967, 0.012075717322063436, 0.2829231430710881], "n_samples": 898}, "vol_scaler": {"mean": [51.06091975995186, 51.18071698722269, -0.048791345409985185, -1.6624538110209526, -0.18045690489575028, 19.496021765841554, 0.5133360352674441, 0.019784790333385573, 1.0086566621582673e-05, 4.7414247914783344e-05, 0.0001161250742103327, 0.0002977542786733104, 1.038439321593905, 0.011482332956097466, 0.0025144565505654686, 0.0029301555397286167, 0.85951868188163, 0.0048407189783019715, 0.9992040573055746, 0.44681581023091654, 0.2801672054583355, 0.2730169843107473, 0.15789473684210525, 0.03611971104231166, -0.006036878956250312, -0.00688374113901427, 0.002787234866119627, -0.04891270443204831, 0.02272918079307693, 0.5071286436958796], "scale": [15.718360994687373, 22.505801482826556, 3.651652123083175, 75.50312073434465, 19.62006262758922, 240.86717872768443, 0.3331809784798565, 0.012560796579835996, 0.00327842063107047, 0.005725666790795945, 0.007193764857563287, 0.010080544221839953, 0.7908748287245666, 0.4315012306103074, 0.001520013288934782, 0.001205644637455996, 0.3503787568422287, 0.0020860662792925766, 0.17600006563262538, 0.25550938042246957, 0.21280632934842103, 0.21702258000768845, 2.2383379931046723, 0.9993474703396416, 0.7066763331059203, 0.7074777243336838, 0.0013845367722240896, 0.7114996393565546, 0.011939142799329904, 0.27924242318870446], "n_samples": 969}}