{"live_outcomes": [], "predictions_made": 634, "correct_predictions": 0, "last_train_time": 1771283985.5872371, "model_type": "momentum_continuation", "scaler": {"mean": [50.43156861974129, 50.763971725167266, 0.037098052356776046, -1.2566517072268069, -0.04549068017448941, -8.9389856480301, 0.505597666924663, 0.019099957712637533, -3.886403789808776e-05, -6.67529787026716e-05, -7.876866328792579e-05, -0.0002551323021907096, 1.0515471597514545, 0.011157967805650766, 0.0024878197713879367, 0.002904187486019545, 0.8624351654899217, 0.0047392850704867685, 0.9992156960303499, 0.4553472931511387, 0.27150344764498746, 0.2731492592038732, 0.1463687150837989, 0.027932960893854747, -0.00965054255618146, -0.003995388188393468, 0.0027458539213145953, -0.07643728766741387, 0.022184007116278277, 0.4992665028530106], "scale": [15.657873898258147, 22.721208291242775, 3.753669732003586, 73.6527676028426, 19.252406847360685, 202.81280917762254, 0.33954824356086666, 0.01096669317517453, 0.00323091928746974, 0.005669036486690612, 0.0069378996458792416, 0.009517234702461241, 0.8072160942934424, 0.4282987001379961, 0.0014633019446744916, 0.001154831685949228, 0.3502266060007995, 0.0019372793838237418, 0.17711589642579836, 0.2590806885111451, 0.208504863158386, 0.2174469825662258, 2.279818109554472, 0.9996097987193264, 0.7054757451570252, 0.7086570940142587, 0.0013215890647182453, 0.7239026831607744, 0.01064002331967362, 0.2818739643070878], "n_samples": 895}, "vol_scaler": {"mean": [50.496974777396396, 50.858409410125724, 0.021001542610460742, -1.4804749718865657, 0.036322832378290176, -7.7781303426402415, 0.507049637030597, 0.018814682224795074, -1.3804274353312538e-05, -5.831838406647511e-05, -0.000107852826009632, -0.0001949009932275035, 1.0270745334904396, 0.0026469928758147214, 0.0024372087022930472, 0.0028734712853571553, 0.8533307793470198, 0.004674572433139611, 0.9953173189298276, 0.4484313158931185, 0.2762513454315425, 0.27531733867533814, 0.14551083591331268, 0.03611971104231166, -0.004577930744380509, 0.007929208642798578, 0.0027033395932143157, -0.07142300747897275, 0.021847034929327377, 0.5000404658681227], "scale": [15.431371378661508, 22.3207514180178, 3.6736320951623616, 72.02734854272416, 18.631126588579207, 200.6240898427121, 0.3315374508436317, 0.010870582984969965, 0.0031355470493589976, 0.005448987811851838, 0.006755549527677819, 0.0092757074353181, 0.7880188689705075, 0.43010933487083636, 0.0014444158015866912, 0.0011492836182102153, 0.3487845676577187, 0.0019151210089370092, 0.17588285719627214, 0.25779418755477346, 0.21181968503554557, 0.218020585712894, 2.2234520182215625, 0.9993474703396416, 0.7055405487006041, 0.7086104037760439, 0.0013061200613387932, 0.718879719843936, 0.01055788048780451, 0.2781702249715608], "n_samples": 969}}