{"live_outcomes": [], "predictions_made": 2426, "correct_predictions": 0, "last_train_time": 1771609923.2721224, "model_type": "momentum_continuation", "scaler": {"mean": [50.74951545344776, 50.75753136044471, 0.00426953684002502, -0.6283111166523274, -0.05905380862233238, -9.275620861772621, 0.5128050147286672, 0.016671686461518204, -5.716754646172763e-05, -6.22055344048664e-05, -7.821913591379868e-05, -0.00025446675035688076, 1.0781092129125966, 0.030201251781867635, 0.0021859067525903195, 0.0025443394330294704, 0.8662359187811325, 0.004057524268902001, 1.0038921052037004, 0.4628459075356333, 0.26296611882415327, 0.2741879736402146, 0.033707865168539325, 0.0044943820224719105, -0.011638952798829753, -0.0023209530324011384, 0.002420536690210361, -0.00673291040620197, 0.01901035701184406, 0.5195873807860428], "scale": [15.798404374301127, 22.41061152869353, 3.779932470723367, 62.29523538385073, 16.946922033356756, 167.15577533619182, 0.345457603557989, 0.009561340246418049, 0.0028883825994211027, 0.005036830242029536, 0.006201745443273708, 0.008300647170620892, 0.8847900671215535, 0.4611863388365671, 0.0013896201493191834, 0.0011176457276217975, 0.3602719057395977, 0.0018158073634765692, 0.17965974241725938, 0.2610107332117201, 0.2103575044805055, 0.21878362362753448, 2.310452254975733, 0.999989900214113, 0.7104665825323331, 0.7036308570973813, 0.0012771644746711016, 0.7858019238208969, 0.009216542443439097, 0.29093847960657987], "n_samples": 890}, "vol_scaler": {"mean": [50.767655624243936, 50.72918061775951, 0.004087308436980473, -0.6308285847400762, 0.02918684401081378, -9.75859627921037, 0.5135159909838416, 0.01654626867626188, -2.6103640710826036e-05, -6.425882028984048e-05, -9.05098767241775e-05, -0.0001845141097152762, 1.050864477940096, 0.019239539048280123, 0.0021454947819369865, 0.00252451999908749, 0.8569068442773464, 0.004019676947319806, 0.9996344927192239, 0.4570728280249495, 0.2670711222961216, 0.2758560496789301, 0.04024767801857585, 0.011351909184726523, -0.008458913031974514, -0.0035037965007784434, 0.002389304634721261, -0.006281656336328142, 0.018837234618431564, 0.5192087809782935], "scale": [15.702133282107901, 22.075507332315542, 3.692631904547972, 61.23411766199707, 16.408822026995697, 166.2761509450372, 0.33801770867804365, 0.009483454982564858, 0.0028055356644569786, 0.004834605962494756, 0.006020924955276955, 0.008137536771455189, 0.857932221860506, 0.4582242575855181, 0.0013663207381094677, 0.0011045043615643638, 0.35887761897544196, 0.0017883879511191648, 0.1790224849048953, 0.2594699935767958, 0.21329947459770346, 0.21947229143772362, 2.2504283139070065, 0.9999355650030027, 0.7092445306573567, 0.7049030897456909, 0.0012572566570613216, 0.7813336100637955, 0.009128890697450872, 0.2876147509619726], "n_samples": 969}}