{"live_outcomes": [], "predictions_made": 1300, "correct_predictions": 0, "last_train_time": 1771479134.255831, "model_type": "momentum_continuation", "scaler": {"mean": [49.603554523659504, 49.81441999686059, 0.011738578383436957, 0.5772969024867921, -0.08863798688864283, -29.780679229684598, 0.4882256097786385, 0.01768807022071894, -8.641566382533821e-05, -0.00017965712080767856, -0.00025585699289336296, -0.0005626235577848497, 1.056491202307389, 0.017274983849178933, 0.0022884785907742356, 0.002681517249957172, 0.8584346610198414, 0.004282010190476918, 0.9984345184926866, 0.45752161703328637, 0.26783925808825415, 0.2746391248784607, 0.050335570469798654, 0.0022371364653243847, 0.0030998471517377953, -0.004309145335006795, 0.0025390603364387593, -0.05581492302570985, 0.020139480617849568, 0.4939683290412423], "scale": [16.009705723211564, 22.891034449842888, 3.8034458711069923, 66.29015361045882, 17.801600931964806, 177.9594548198809, 0.3437967461820787, 0.009713475103255249, 0.003001184872484499, 0.005265175794046571, 0.006439891156376534, 0.00865512442845666, 0.7990179899252594, 0.432184955931108, 0.0014255502632521543, 0.0011210852196526582, 0.3568355217066933, 0.0017955919273508337, 0.17730011471760385, 0.26003111893551, 0.21012346032150347, 0.2185487999011874, 2.3484810882926213, 0.9999974976070857, 0.7116708054173098, 0.7024930511619275, 0.0012851745039549932, 0.7833247450159527, 0.009265025493026643, 0.29004762006935453], "n_samples": 894}, "vol_scaler": {"mean": [49.60242706087843, 49.81466044984118, -0.0008405326918860775, 0.09407663460230939, 0.02222259296102599, -28.399953012533246, 0.4889451444046038, 0.01748269444746744, -5.609011246824087e-05, -0.00016653368498039962, -0.0002665069388223837, -0.000514769060508907, 1.0317468879551737, 0.005718930451757985, 0.0022392079135796013, 0.0026545078044542324, 0.8484997389300131, 0.004226207296922808, 0.9948926707753172, 0.4523270616227028, 0.2711495969904383, 0.27652334138685963, 0.04643962848297214, 0.007223942208462332, 0.008211642594518653, 0.004049533985690704, 0.0025004050689147865, -0.05338071763861993, 0.019881027249922533, 0.4938021764835063], "scale": [15.865952276763533, 22.521458542400087, 3.7296036644234354, 65.09144594024971, 17.249604329426404, 176.65927519262084, 0.33590888638507604, 0.00966037471567827, 0.002918342864696456, 0.0050579111429558034, 0.0062533439042583554, 0.008473324678891187, 0.7776293261384373, 0.43076644632251426, 0.0014009310431210731, 0.0011104457959831653, 0.35570380604946494, 0.001767603848202993, 0.1760658474465833, 0.25880032492098487, 0.2129184370198717, 0.2196987261104338, 2.292562168605874, 0.9999739069890573, 0.7089434840946643, 0.7052058611215011, 0.0012653894693387187, 0.7776182619163614, 0.009208316873614142, 0.28589748031239615], "n_samples": 969}}