{"live_outcomes": [], "predictions_made": 1125, "correct_predictions": 0, "last_train_time": 1771440345.0472074, "model_type": "momentum_continuation", "scaler": {"mean": [49.38555497210299, 49.66723023794102, 0.0077281032962931385, -0.7428892625036099, -0.0717165376424698, -24.912092508924072, 0.4787648607294277, 0.01770045457726557, -8.604807883345062e-05, -0.0001826645477328013, -0.00024854869637713377, -0.0006298660424834283, 1.0686097864301465, 0.02623328784446565, 0.0023440534959419295, 0.002723731350602939, 0.86296158162168, 0.0043670174806225955, 1.0023287186192378, 0.46067502093986995, 0.2672489278527947, 0.2720760512073363, 0.06473214285714286, 0.006696428571428571, -0.014493167495411146, -0.008830114699763737, 0.0025991855271866476, -0.07418992107205123, 0.020350982067576955, 0.48646870493427025], "scale": [15.65567184269343, 22.703958365793355, 3.7615670962564987, 65.90726417327545, 17.852922884881888, 175.3538340545356, 0.3403868348365045, 0.009561637415828978, 0.0030611009626312314, 0.005305234362568147, 0.006442059339426453, 0.00864682776112657, 0.8183883270413341, 0.4368254690257938, 0.0014364765870862571, 0.0011073238600646477, 0.3556378671336007, 0.0018039245884253206, 0.17621910356644377, 0.25811286597834165, 0.2082995564363999, 0.21738783313894555, 2.3447903728346935, 0.999977578670836, 0.713224682807085, 0.7007299972208086, 0.0012881284275366846, 0.7758739715623604, 0.009173076238410741, 0.28652673892098907], "n_samples": 896}, "vol_scaler": {"mean": [49.45174968439148, 49.66505279791311, -0.009601756808656105, -1.241142584450852, -0.03797696319885367, -23.27335656953761, 0.47963685980231757, 0.017477545827210395, -6.774367688685744e-05, -0.0001813202274627859, -0.0002905783316397881, -0.0005805311238901638, 1.0445438822364603, 0.014777482846270054, 0.0022992023551665695, 0.002696778661627057, 0.8543758115400988, 0.0043104155989750915, 0.9988979589056701, 0.45512747966555, 0.270293045743636, 0.2745794745908142, 0.058823529411764705, 0.009287925696594427, -0.009077531824482406, -0.0011950797366221918, 0.0025606038390205846, -0.07128589509201586, 0.020087260505367015, 0.48658759872951296], "scale": [15.480592904851889, 22.349240269335827, 3.698939074780597, 64.77590393961374, 17.342201852521253, 173.79355309039457, 0.33345623146939424, 0.009507268985803419, 0.002987025043605162, 0.005117522769188116, 0.0062860412387067644, 0.008466303341124495, 0.7972276218713304, 0.43585823853079636, 0.0014160191867441925, 0.0010992448211946072, 0.3541162075715808, 0.0017802581959237354, 0.1757435274150647, 0.25681056121774487, 0.21111421251659931, 0.21869350891848988, 2.286869022604156, 0.9999568662878721, 0.7100361958837362, 0.7041056531056636, 0.0012713415277936435, 0.7699222801802698, 0.009122174994007633, 0.2828740924716477], "n_samples": 969}}