{"live_outcomes": [], "predictions_made": 1074, "correct_predictions": 0, "last_train_time": 1771425763.7841086, "model_type": "momentum_continuation", "scaler": {"mean": [49.651178782564074, 49.94230763103898, -0.02699494473365796, -1.565912088299784, -0.09186155517273123, -16.752394122003327, 0.485554627337878, 0.01782054884244816, -7.557830379898671e-05, -0.00016473490259124207, -0.00020492851577129387, -0.00047122585644188744, 1.0584414072545392, 0.017700009552359914, 0.0023396760849114426, 0.0027202277826651688, 0.8630346291747719, 0.00435944232185986, 1.0002070387178283, 0.4635975799488987, 0.26440430729150677, 0.2719981127595952, 0.07158836689038031, 0.011185682326621925, -0.006739375728459178, -0.014450994082872511, 0.0025849583218903447, -0.07584162943234737, 0.020331681733721615, 0.49503794046680044], "scale": [15.7490431821331, 22.67513564978486, 3.7634355822804917, 66.59062184447397, 17.677559086394528, 180.78097208900354, 0.34085363497804816, 0.009584110021113715, 0.003042768017859478, 0.005285986331189421, 0.006420617082953022, 0.00871523521961914, 0.8063111333615787, 0.42827394930060697, 0.001403048751895237, 0.0011020956421248982, 0.34890300743609215, 0.0017992239726754451, 0.1722742376291271, 0.2584277287835487, 0.2069499422547379, 0.21759828998352598, 2.3433991126199496, 0.9999374382984598, 0.7079150385560745, 0.7061175877790883, 0.001262084179108234, 0.7701222041984658, 0.009181705280644053, 0.2881786368430895], "n_samples": 894}, "vol_scaler": {"mean": [49.70839473341784, 49.938033530919455, -0.0363244977052228, -2.055689411585302, -0.038470948086486365, -14.971915555864415, 0.48648222667467733, 0.017591031978392815, -5.230337910842198e-05, -0.0001540296305220811, -0.00024560245457311123, -0.0004277114077924313, 1.0341387233235795, 0.007302932884495485, 0.002295508560453267, 0.0026923725664698157, 0.8547539612382652, 0.004301645088993591, 0.9969991325071649, 0.4580726720130877, 0.26765053715893916, 0.27427679082797357, 0.06604747162022703, 0.013415892672858616, -0.002943055221337006, -0.008669961105191724, 0.002547431310144924, -0.07075400252528116, 0.0200515007309656, 0.4949002039407277], "scale": [15.566157004029032, 22.296838522883224, 3.6926164153855723, 65.3798171852827, 17.121228225975592, 179.28085914169432, 0.3331756265379392, 0.009527393479801862, 0.0029581610010247198, 0.005078615802613577, 0.006252342842242156, 0.00851744180199124, 0.7844633188402479, 0.4274103414522923, 0.0013840819147308387, 0.0010924176372931367, 0.34772328854776785, 0.0017730861392375587, 0.1718460827191543, 0.2569707604606491, 0.20973201803269156, 0.21880197213157634, 2.2823803413353874, 0.9999100028621632, 0.7046374593022742, 0.7095084362771398, 0.0012458396483156046, 0.7637098634982156, 0.009117758321860792, 0.2842946294266203], "n_samples": 969}}