{"live_outcomes": [], "predictions_made": 2689, "correct_predictions": 0, "last_train_time": 1771638052.993119, "model_type": "momentum_continuation", "scaler": {"mean": [50.99928961624418, 50.973839008718045, 0.01285241706836282, 0.6820172169574484, -0.08494406881086822, -9.150907266928584, 0.5194337041386288, 0.01641491843428764, -3.8220266050858776e-05, -2.981649096552992e-05, -5.3447623222115975e-05, -0.00014729398241294315, 1.077377057655078, 0.02716349466362222, 0.002160900603694972, 0.0025204115686036704, 0.8643453547826603, 0.004007837911848577, 1.0010948958256933, 0.4629423443387141, 0.2633029904849825, 0.2737546651763047, 0.008988764044943821, -0.0022471910112359553, -0.005199406290258132, 0.00915200185519118, 0.0023900184020426373, 0.004272582248315318, 0.018738122791277106, 0.5253677849772668], "scale": [15.725609369788701, 22.368006439520865, 3.7649559810194018, 61.82053584159188, 16.590098483256753, 166.8434098221985, 0.34461958677158666, 0.009538467704581114, 0.0028599208326812457, 0.004970803003427303, 0.0061218680368820885, 0.008169442601760455, 0.8934723946091431, 0.4646903855210774, 0.001383637474809245, 0.0011072937496178217, 0.3619857002235007, 0.0017907818542136, 0.1788346899368641, 0.2615964435963142, 0.2111903470907452, 0.21739958204220855, 2.3004464857026394, 0.9999974750631014, 0.7065256958788642, 0.7076091068514861, 0.0012612169155999282, 0.7818619014560243, 0.00914917532420313, 0.28856480850325866], "n_samples": 890}, "vol_scaler": {"mean": [51.09213867382496, 51.00798011818687, 0.01461199839283331, 0.817878458010316, -0.009034009072207133, -8.99777763808306, 0.5212680189054717, 0.016253761858147628, -9.16128649497151e-06, -2.587328903360443e-05, -4.280828385428223e-05, -7.833387616141723e-05, 1.0498329343890231, 0.01691665845744622, 0.0021121567534075378, 0.002494451880018252, 0.8538835259677799, 0.003959164861246513, 0.9966384349715763, 0.4586281227136486, 0.2659786416083576, 0.27539323567799484, 0.021671826625386997, 0.007223942208462332, 0.0005988219921627293, 0.009136258086496866, 0.0023523626258597314, 0.006499485939774027, 0.018525622696620656, 0.5263521549930484], "scale": [15.616622468002829, 22.049025548717818, 3.67925500046299, 60.67332230379118, 16.058529778443024, 166.02121130153623, 0.3370490387943482, 0.009462532424765267, 0.0027761963304803053, 0.0047641876098997536, 0.005923954251131952, 0.008009175918187575, 0.8664089067869238, 0.46137852050558015, 0.00135640188127208, 0.0010905087738553982, 0.3609463503440228, 0.0017598366598834095, 0.17891947205935857, 0.2607840824994485, 0.2136254476119863, 0.21837696421759037, 2.2424152382564237, 0.9999739069890575, 0.7040269785443586, 0.7101142046756281, 0.001239007888165301, 0.7773298365246567, 0.009058730191435155, 0.2849397238336726], "n_samples": 969}}